"player_name","team_abbrev","player_label"
"A.J. Thomas","STL","A.J. Thomas (STL)"
"Aaron Monteiro","CLB","Aaron Monteiro (CLB)"
"Abdul Beecham","DAL","Abdul Beecham (DAL)"
"Abraham Beauplan","STL","Abraham Beauplan (STL)"
"Abram Smith","DC","Abram Smith (DC)"
"Adam Plant Jr.","CLB","Adam Plant Jr. (CLB)"
"Adrian Ealy","DC","Adrian Ealy (DC)"
"Aidan Sayin","CLB","Aidan Sayin (CLB)"
"Ajene Harris","ARL","Ajene Harris (ARL)"
"Akeem Dent","CLB","Akeem Dent (CLB)"
"Alec Lindstrom","LOU","Alec Lindstrom (LOU)"
"Alex Akingbulu","ARL","Alex Akingbulu (ARL)"
"Alex Cook","BHAM","Alex Cook (BHAM)"
"Alex Matheson","ORL","Alex Matheson (ORL)"
"Alize Mack","CLB","Alize Mack (CLB)"
"Allan George","ORL","Allan George (ORL)"
"Amani Bledsoe","BHAM","Amani Bledsoe (BHAM)"
"Andrew Dowell","ARL","Andrew Dowell (ARL)"
"Andrew Parker","ORL","Andrew Parker (ORL)"
"Andrew Raym","BHAM","Andrew Raym (BHAM)"
"Anthony Butler","COL","Anthony Butler (COL)"
"Anthony Hines III","HOU","Anthony Hines III (HOU)"
"Anthony McFarland Jr.","BHAM","Anthony McFarland Jr. (BHAM)"
"Antonio Grier Jr.","LOU","Antonio Grier Jr. (LOU)"
"Antonio Ortiz","ARL","Antonio Ortiz (ARL)"
"Antwan Davis","COL","Antwan Davis (COL)"
"Antwane Wells","CLB","Antwane Wells (CLB)"
"Antwuan Jackson Jr.","ARL","Antwuan Jackson Jr. (ARL)"
"Armani Marsh","ARL","Armani Marsh (ARL)"
"Armani Rogers","HOU","Armani Rogers (HOU)"
"Armani Taylor-Prioleau","BHAM","Armani Taylor-Prioleau (BHAM)"
"Aron Cruickshank","ORL","Aron Cruickshank (ORL)"
"Austin Reed","ARL","Austin Reed (ARL)"
"Avery Jones","HOU","Avery Jones (HOU)"
"Avery Young","HOU","Avery Young (HOU)"
"Azizi Hearn","DC","Azizi Hearn (DC)"
"B.J. Mayes","HOU","B.J. Mayes (HOU)"
"Baylor Cupp","ARL","Baylor Cupp (ARL)"
"Ben Bresnahan","DC","Ben Bresnahan (DC)"
"Ben Wooldridge","STL","Ben Wooldridge (STL)"
"Benny Snell","LOU","Benny Snell (LOU)"
"Birmingham Stallions","BHAM","Birmingham Stallions (BHAM)"
"Blake Jackson","STL","Blake Jackson (STL)"
"Bless Harris","CLB","Bless Harris (CLB)"
"Bobby Price","ARL","Bobby Price (ARL)"
"Boogie Basham","DC","Boogie Basham (DC)"
"Brad Robbins","CLB","Brad Robbins (CLB)"
"Bradley Ashmore","STL","Bradley Ashmore (STL)"
"Brandon Sebastian","ORL","Brandon Sebastian (ORL)"
"Brandon Silvers","STL","Brandon Silvers (STL)"
"Brandon Smith","DC","Brandon Smith (DC)"
"Braylon Sanders","DC","Braylon Sanders (DC)"
"Brendan Hall","ARL","Brendan Hall (ARL)"
"Brian Abraham","DC","Brian Abraham (DC)"
"Brian Hightower","DAL","Brian Hightower (DAL)"
"Briley Moore","DC","Briley Moore (DC)"
"Bryce Benhart","ORL","Bryce Benhart (ORL)"
"Bryce Hall","LOU","Bryce Hall (LOU)"
"Bryce Thompson","DC","Bryce Thompson (DC)"
"Caeleb Bass","HOU","Caeleb Bass (HOU)"
"Caeveon Patton","CLB","Caeveon Patton (CLB)"
"Caleb Jones","COL","Caleb Jones (COL)"
"Cam Camper","ORL","Cam Camper (ORL)"
"Cam Carter","HOU","Cam Carter (HOU)"
"Cam Echols-Luper","BHM","Cam Echols-Luper (BHM)"
"Cam Gill","LOU","Cam Gill (LOU)"
"Cam McDonald","CLB","Cam McDonald (CLB)"
"Cam Smith","CLB","Cam Smith (CLB)"
"Cam Sutton","HOU","Cam Sutton (HOU)"
"Cameron Dantzler","LOU","Cameron Dantzler (LOU)"
"Carlos Davis","STL","Carlos Davis (STL)"
"Carlton Johnson","HOU","Carlton Johnson (HOU)"
"Carter Bell","LOU","Carter Bell (LOU)"
"Casey Rogers","DC","Casey Rogers (DC)"
"Celestin Haba","COL","Celestin Haba (COL)"
"Chandler Rogers","LOU","Chandler Rogers (LOU)"
"Chantz Williams","DAL","Chantz Williams (DAL)"
"Charlie Thomas III","HOU","Charlie Thomas III (HOU)"
"Chim Okorafor","DAL","Chim Okorafor (DAL)"
"Chris Chernak Jr.","BHM","Chris Chernak Jr. (BHM)"
"Chris Claybrooks","ORL","Chris Claybrooks (ORL)"
"Chris Collins","ORL","Chris Collins (ORL)"
"Chris Garrett","ORL","Chris Garrett (ORL)"
"Chris Glaser","CLB","Chris Glaser (CLB)"
"Chris Pierce Jr.","LOU","Chris Pierce Jr. (LOU)"
"Chris Rowland","ORL","Chris Rowland (ORL)"
"Chris Steele","ARL","Chris Steele (ARL)"
"Christian Matthew","ORL","Christian Matthew (ORL)"
"Christian McCarroll","DC","Christian McCarroll (DC)"
"Christophe Atkinson","STL","Christophe Atkinson (STL)"
"Christopher Allen","HOU","Christopher Allen (HOU)"
"Christopher Hinton","LOU","Christopher Hinton (LOU)"
"Chuck Filiaga","CLB","Chuck Filiaga (CLB)"
"Clarence Lewis","HOU","Clarence Lewis (HOU)"
"Cohl Cabral","CLB","Cohl Cabral (CLB)"
"Colby Wadman","BHAM","Colby Wadman (BHAM)"
"Cole Schneider","ORL","Cole Schneider (ORL)"
"Colton Theaker","ARL","Colton Theaker (ARL)"
"Columbus Aviators","CLB","Columbus Aviators (CLB)"
"Corey Mayfield Jr.","LOU","Corey Mayfield Jr. (LOU)"
"Corey Stewart","STL","Corey Stewart (STL)"
"Cornell Powell","DC","Cornell Powell (DC)"
"Curtis Hodges","ARL","Curtis Hodges (ARL)"
"Curtis Jacobs","DC","Curtis Jacobs (DC)"
"D.J. Miller Jr.","CLB","D.J. Miller Jr. (CLB)"
"Dae Dae Hunter","ARL","Dae Dae Hunter (ARL)"
"Daewood Davis","BHAM","Daewood Davis (BHAM)"
"Dallas Renegades","ARL","Dallas Renegades (ARL)"
"DaMarcus Mitchell","ARL","DaMarcus Mitchell (ARL)"
"Damon Arnette","HOU","Damon Arnette (HOU)"
"Daniel Grzesiak","LOU","Daniel Grzesiak (LOU)"
"Daniel Isom","STL","Daniel Isom (STL)"
"Daniel Morrison","STL","Daniel Morrison (STL)"
"Darien Butler","ORL","Darien Butler (ORL)"
"DaRon Gilbert","BHAM","DaRon Gilbert (BHAM)"
"Darrius Moragne","ARL","Darrius Moragne (ARL)"
"Dashaun White","ORL","Dashaun White (ORL)"
"Davion Ross","BHAM","Davion Ross (BHAM)"
"DC Defenders","DC","DC Defenders (DC)"
"Deandre Baker","DC","Deandre Baker (DC)"
"Deantre Prince","LOU","Deantre Prince (LOU)"
"Dee Anderson","ORL","Dee Anderson (ORL)"
"Deion Jennings","ORL","Deion Jennings (ORL)"
"Delontae Scott","ORL","Delontae Scott (ORL)"
"Demone Harris","STL","Demone Harris (STL)"
"Dennis Johnson","DC","Dennis Johnson (DC)"
"Denzel Mims","ARL","Denzel Mims (ARL)"
"Deon Cain","BHAM","Deon Cain (BHAM)"
"Deon Jackson","DC","Deon Jackson (DC)"
"Deontay Anderson","DC","Deontay Anderson (DC)"
"Deontay Burnett","ARL","Deontay Burnett (ARL)"
"Derek Parish","DC","Derek Parish (DC)"
"Derick Roberson","DC","Derick Roberson (DC)"
"Desmond Little","BHM","Desmond Little (BHM)"
"DeVere Levelston","LOU","DeVere Levelston (LOU)"
"Devin Ross","CLB","Devin Ross (CLB)"
"Devonnsha Maxwell","DC","Devonnsha Maxwell (DC)"
"Devonta Davis","DC","Devonta Davis (DC)"
"Dohnovan West","HOU","Dohnovan West (HOU)"
"Domenique Davis","ARL","Domenique Davis (ARL)"
"Dominic Boyd","HOU","Dominic Boyd (HOU)"
"Donald Payne","ARL","Donald Payne (ARL)"
"Donovan Smith","BHAM","Donovan Smith (BHAM)"
"Dorian Thompson-Robinson","ORL","Dorian Thompson-Robinson (ORL)"
"Drake Stoops","ARL","Drake Stoops (ARL)"
"Durrell Johnson","DC","Durrell Johnson (DC)"
"Dyontae Johnson","BHAM","Dyontae Johnson (BHAM)"
"Earl Bostick Jr.","LOU","Earl Bostick Jr. (LOU)"
"Easop Winston Jr.","CLB","Easop Winston Jr. (CLB)"
"Ekow Boye-Doe","DC","Ekow Boye-Doe (DC)"
"Eli Walker","HOU","Eli Walker (HOU)"
"Elijah Dotson","ORL","Elijah Dotson (ORL)"
"Elijhah Badger","ORL","Elijhah Badger (ORL)"
"Ellis Merriweather","ARL","Ellis Merriweather (ARL)"
"Emmanuel Butler","ARL","Emmanuel Butler (ARL)"
"Eric Garror","LOU","Eric Garror (LOU)"
"Erik Ezukanma","DC","Erik Ezukanma (DC)"
"Eugene Asante","HOU","Eugene Asante (HOU)"
"Eyabi Okie-Anoma","ARL","Eyabi Okie-Anoma (ARL)"
"Fabien Lovett","ORL","Fabien Lovett (ORL)"
"Fatorma Mulbah","HOU","Fatorma Mulbah (HOU)"
"Ferrod Gardner","DC","Ferrod Gardner (DC)"
"Florian Bierbaumer","LOU","Florian Bierbaumer (LOU)"
"Frank Darby","STL","Frank Darby (STL)"
"Fred Thompkins","CLB","Fred Thompkins (CLB)"
"Freedom Akinmoladun","STL","Freedom Akinmoladun (STL)"
"Gabe Taylor","DC","Gabe Taylor (DC)"
"Gareon Conley","DC","Gareon Conley (DC)"
"Gareth Warren","HOU","Gareth Warren (HOU)"
"Gary Jennings Jr.","STL","Gary Jennings Jr. (STL)"
"Geor'Quarius Spivey","HOU","Geor'Quarius Spivey (HOU)"
"Gilber Edmond","HOU","Gilber Edmond (HOU)"
"Glendon Miller","HOU","Glendon Miller (HOU)"
"Gottlieb Ayedze","HOU","Gottlieb Ayedze (HOU)"
"Greg Ward","ARL","Greg Ward (ARL)"
"Gunnar Oakes","CLB","Gunnar Oakes (CLB)"
"Hakeem Butler","STL","Hakeem Butler (STL)"
"Hank Bachmeier","ORL","Hank Bachmeier (ORL)"
"Harrison Frost","STL","Harrison Frost (STL)"
"Henry Black","CLB","Henry Black (CLB)"
"Houston Gamblers","HOU","Houston Gamblers (HOU)"
"Hudson Clark","BHAM","Hudson Clark (BHAM)"
"Hunter Dekkers","HOU","Hunter Dekkers (HOU)"
"Ian Wheeler","LOU","Ian Wheeler (LOU)"
"Ikenna Enechukwu","HOU","Ikenna Enechukwu (HOU)"
"Ilm Manning","STL","Ilm Manning (STL)"
"Isaac Ukwu","BHAM","Isaac Ukwu (BHAM)"
"Isaiah Buggs","ORL","Isaiah Buggs (ORL)"
"Isaiah Coe","BHAM","Isaiah Coe (BHAM)"
"Isaiah Mack","ORL","Isaiah Mack (ORL)"
"Isaiah Winstead","LOU","Isaiah Winstead (LOU)"
"Israel Antwine","HOU","Israel Antwine (HOU)"
"Izayah Green-May","BHAM","Izayah Green-May (BHAM)"
"J.B. Brown","COL","J.B. Brown (COL)"
"J.D. DiRenzo","LOU","J.D. DiRenzo (LOU)"
"J.T. Tyler","ARL","J.T. Tyler (ARL)"
"Jabre Barber","BHAM","Jabre Barber (BHAM)"
"Jack Browning","ORL","Jack Browning (ORL)"
"Jack Kramer","HOU","Jack Kramer (HOU)"
"Jack Plummer","ORL","Jack Plummer (ORL)"
"Jackson Carman","BHAM","Jackson Carman (BHAM)"
"Jacob Burton","DAL","Jacob Burton (DAL)"
"Jacob Sykes","ORL","Jacob Sykes (ORL)"
"Jaden Shirden","LOU","Jaden Shirden (LOU)"
"Jaelyn Duncan","DC","Jaelyn Duncan (DC)"
"Jah Joyner","HOU","Jah Joyner (HOU)"
"Jahcour Pearson","STL","Jahcour Pearson (STL)"
"Jaheim Thomas","LOU","Jaheim Thomas (LOU)"
"Jailin Walker","CLB","Jailin Walker (CLB)"
"Jake Camarda","COL","Jake Camarda (COL)"
"Ja'Khi Douglas","DC","Ja'Khi Douglas (DC)"
"Jalan McClendon","CLB","Jalan McClendon (CLB)"
"Jalen Jackson","LOU","Jalen Jackson (LOU)"
"Jalen McKenzie","HOU","Jalen McKenzie (HOU)"
"Jalen Moreno-Cropper","HOU","Jalen Moreno-Cropper (HOU)"
"Jalen Morton","CLB","Jalen Morton (CLB)"
"Jalen White","HOU","Jalen White (HOU)"
"Jalen Wydermyer","LOU","Jalen Wydermyer (LOU)"
"James Bostic","STL","James Bostic (STL)"
"James Robinson","LOU","James Robinson (LOU)"
"James Tunstall","LOU","James Tunstall (LOU)"
"Jarrid Williams","ORL","Jarrid Williams (ORL)"
"Jarrod Hufford","STL","Jarrod Hufford (STL)"
"Jarveon Howard","STL","Jarveon Howard (STL)"
"Jashaun Corbin","ORL","Jashaun Corbin (ORL)"
"Jasheen Davis","ORL","Jasheen Davis (ORL)"
"Jason Bean","LOU","Jason Bean (LOU)"
"Jason Ivey","ORL","Jason Ivey (ORL)"
"Jason Taylor II","ORL","Jason Taylor II (ORL)"
"Javion Cohen","STL","Javion Cohen (STL)"
"Javon Antonio","DC","Javon Antonio (DC)"
"JaVonta Payton","LOU","JaVonta Payton (LOU)"
"Jayden Peevy","ORL","Jayden Peevy (ORL)"
"Jaydon Mickens","BHAM","Jaydon Mickens (BHAM)"
"Jaylen Mahoney","ORL","Jaylen Mahoney (ORL)"
"Jaylon Allen","LOU","Jaylon Allen (LOU)"
"Jaylon Moore","CLB","Jaylon Moore (CLB)"
"Jereme Robinson","LOU","Jereme Robinson (LOU)"
"Jerome Kapp","ORL","Jerome Kapp (ORL)"
"Jerrod Clark","HOU","Jerrod Clark (HOU)"
"Jerron Cage","CLB","Jerron Cage (CLB)"
"Jesse Johnson III","BHM","Jesse Johnson III (BHM)"
"Jha'Quan Jackson","STL","Jha'Quan Jackson (STL)"
"Joe Wallace","DC","Joe Wallace (DC)"
"Joey Fisher","ORL","Joey Fisher (ORL)"
"Joey Lombard","BHM","Joey Lombard (BHM)"
"Johari Branch","DC","Johari Branch (DC)"
"John Campbell Jr.","HOU","John Campbell Jr. (HOU)"
"John Hoyland","HOU","John Hoyland (HOU)"
"John Lovett","CLB","John Lovett (CLB)"
"John Ross","BHAM","John Ross (BHAM)"
"Johnny Buchanan","BHM","Johnny Buchanan (BHM)"
"JoJo Tillery","BHAM","JoJo Tillery (BHAM)"
"Jonathan Adams","LOU","Jonathan Adams (LOU)"
"Jonathan Garibay","BHAM","Jonathan Garibay (BHAM)"
"Jontre Kirklin","HOU","Jontre Kirklin (HOU)"
"Jordan Bly","ORL","Jordan Bly (ORL)"
"Jordan Mosley","STL","Jordan Mosley (STL)"
"Jordan Polk","LOU","Jordan Polk (LOU)"
"Jordan Silver","LOU","Jordan Silver (LOU)"
"Jordan Ta'amu","DC","Jordan Ta'amu (DC)"
"Jordan Thomas","BHAM","Jordan Thomas (BHAM)"
"Jordan Williams","STL","Jordan Williams (STL)"
"Josh Minkins","ORL","Josh Minkins (ORL)"
"Josiah Bronson","LOU","Josiah Bronson (LOU)"
"Josiah Ezirim","ARL","Josiah Ezirim (ARL)"
"Jude Wolfe","BHM","Jude Wolfe (BHM)"
"Julian Hicks","HOU","Julian Hicks (HOU)"
"Justin Hall","HOU","Justin Hall (HOU)"
"Justin Smith","STL","Justin Smith (STL)"
"Justyn Ross","BHAM","Justyn Ross (BHAM)"
"Juwann Bushell-Beatty","COL","Juwann Bushell-Beatty (COL)"
"Kaden Prather","LOU","Kaden Prather (LOU)"
"Kai Gray","DC","Kai Gray (DC)"
"Kai Locksley","HOU","Kai Locksley (HOU)"
"Kalen DeLoach","ARL","Kalen DeLoach (ARL)"
"Kameron Kelly","STL","Kameron Kelly (STL)"
"Kary Vincent Jr.","HOU","Kary Vincent Jr. (HOU)"
"Keaton Ellis","LOU","Keaton Ellis (LOU)"
"Keaton Sutherland","ARL","Keaton Sutherland (ARL)"
"Kedrick Whitehead Jr.","CLB","Kedrick Whitehead Jr. (CLB)"
"Keegan Jones","DAL","Keegan Jones (DAL)"
"Keenan Isaac","HOU","Keenan Isaac (HOU)"
"Keith Russell Jr.","LOU","Keith Russell Jr. (LOU)"
"Keke Chism","CLB","Keke Chism (CLB)"
"Keke Coutee","DC","Keke Coutee (DC)"
"Kellen Diesch","HOU","Kellen Diesch (HOU)"
"Kelly Akharaiyi","STL","Kelly Akharaiyi (STL)"
"Kenny Dyson","HOU","Kenny Dyson (HOU)"
"Kenny Robinson Jr.","LOU","Kenny Robinson Jr. (LOU)"
"Kenny Willekes","CLB","Kenny Willekes (CLB)"
"Keshawn Banks","ORL","Keshawn Banks (ORL)"
"Kevin Strong Jr.","ARL","Kevin Strong Jr. (ARL)"
"Kevon Latulas","STL","Kevon Latulas (STL)"
"Keylon Kennedy","STL","Keylon Kennedy (STL)"
"Khairi Manns","DC","Khairi Manns (DC)"
"Kiondre Thomas","DC","Kiondre Thomas (DC)"
"Kirk Merritt","HOU","Kirk Merritt (HOU)"
"KJ Hamler","ORL","KJ Hamler (ORL)"
"Kobe Hudson","HOU","Kobe Hudson (HOU)"
"Kobe Jones","BHAM","Kobe Jones (BHAM)"
"Kole Taylor","DC","Kole Taylor (DC)"
"Konner Fox","ORL","Konner Fox (ORL)"
"Kory Chapman","LOU","Kory Chapman (LOU)"
"Kwamie Lassiter II","LOU","Kwamie Lassiter II (LOU)"
"Kyahva Tezino","BHAM","Kyahva Tezino (BHAM)"
"Kylin James","STL","Kylin James (STL)"
"Kyon Barrs","HOU","Kyon Barrs (HOU)"
"Kyree Woods","CLB","Kyree Woods (CLB)"
"Kyron Johnson","DC","Kyron Johnson (DC)"
"LaColby Tucker","DC","LaColby Tucker (DC)"
"Lamar Jackson","ORL","Lamar Jackson (ORL)"
"Lance Boykin","BHAM","Lance Boykin (BHAM)"
"LaRon Stokes","LOU","LaRon Stokes (LOU)"
"Laviska Shenault Jr.","BHAM","Laviska Shenault Jr. (BHAM)"
"LaVonta Bentley","STL","LaVonta Bentley (STL)"
"Lawrence Keys III","HOU","Lawrence Keys III (HOU)"
"Leon O'Neal Jr.","DC","Leon O'Neal Jr. (DC)"
"Leonard Payne","STL","Leonard Payne (STL)"
"LeRoy Watson","LOU","LeRoy Watson (LOU)"
"Lonnie Phelps","HOU","Lonnie Phelps (HOU)"
"Lorenzo Lingard","ARL","Lorenzo Lingard (ARL)"
"Louisville Kings","LOU","Louisville Kings (LOU)"
"Lucky Jackson","LOU","Lucky Jackson (LOU)"
"Luis Perez","ARL","Luis Perez (ARL)"
"Lujuan Winningham","HOU","Lujuan Winningham (HOU)"
"Lukas Denis","BHAM","Lukas Denis (BHAM)"
"Luke Lehnen","ARL","Luke Lehnen (ARL)"
"Luq Barcoo","STL","Luq Barcoo (STL)"
"Lyle Santos","ORL","Lyle Santos (ORL)"
"Lynn Bowden Jr.","LOU","Lynn Bowden Jr. (LOU)"
"Mac Brown","LOU","Mac Brown (LOU)"
"Mac McCain","STL","Mac McCain (STL)"
"Maceo Beard-Aigret","DC","Maceo Beard-Aigret (DC)"
"Macklin Ayers","DC","Macklin Ayers (DC)"
"Major Burns","HOU","Major Burns (HOU)"
"Malik Fisher","HOU","Malik Fisher (HOU)"
"Maliq Carr","DC","Maliq Carr (DC)"
"Marco Ortiz","HOU","Marco Ortiz (HOU)"
"Marcus Barnes","COL","Marcus Barnes (COL)"
"Marcus Major","HOU","Marcus Major (HOU)"
"Marcus Minor","ARL","Marcus Minor (ARL)"
"Marcus Simms","BHM","Marcus Simms (BHM)"
"Marcus Yarns","HOU","Marcus Yarns (HOU)"
"Mario Goodrich","BHAM","Mario Goodrich (BHAM)"
"Mark Gilbert","ORL","Mark Gilbert (ORL)"
"Markel Roby","HOU","Markel Roby (HOU)"
"Marlon Williams","BHAM","Marlon Williams (BHAM)"
"Marquez Stevenson","ORL","Marquez Stevenson (ORL)"
"Marquis Waters","LOU","Marquis Waters (LOU)"
"Marvin Moody Jr.","HOU","Marvin Moody Jr. (HOU)"
"Marvin Wilson","BHM","Marvin Wilson (BHM)"
"Mason Brooks","BHAM","Mason Brooks (BHAM)"
"Mason Fairchild","DC","Mason Fairchild (DC)"
"Matt Corral","BHAM","Matt Corral (BHAM)"
"Matt Farniok","CLB","Matt Farniok (CLB)"
"Matt Harmon","HOU","Matt Harmon (HOU)"
"Matt Jones","DAL","Matt Jones (DAL)"
"Matt McCrane","DC","Matt McCrane (DC)"
"Matthew Foster","DC","Matthew Foster (DC)"
"Matthew Hembrough","STL","Matthew Hembrough (STL)"
"Matthew Jones","COL","Matthew Jones (COL)"
"Maximilian Roberts","ORL","Maximilian Roberts (ORL)"
"Mekhi Garner","LOU","Mekhi Garner (LOU)"
"Micah Abraham","ORL","Micah Abraham (ORL)"
"Micah Baskerville","DC","Micah Baskerville (DC)"
"Michael Barrett","STL","Michael Barrett (STL)"
"Michael Dwumfour","STL","Michael Dwumfour (STL)"
"Michael Gonzalez","ORL","Michael Gonzalez (ORL)"
"Michael Hiers","BHAM","Michael Hiers (BHAM)"
"Michael Lantz","ORL","Michael Lantz (ORL)"
"Michael Lawson","CLB","Michael Lawson (CLB)"
"Michael Maietti","DC","Michael Maietti (DC)"
"Michael Ojemudia","STL","Michael Ojemudia (STL)"
"Michael Pratt","STL","Michael Pratt (STL)"
"Michael Tarquin","DC","Michael Tarquin (DC)"
"Mike DiLiello","DC","Mike DiLiello (DC)"
"Mike Edwards","ORL","Mike Edwards (ORL)"
"Mike McAllister","LOU","Mike McAllister (LOU)"
"Mike Novitsky","ARL","Mike Novitsky (ARL)"
"Mike Panasiuk","STL","Mike Panasiuk (STL)"
"Mike Rivers","HOU","Mike Rivers (HOU)"
"Mishael Powell","ORL","Mishael Powell (ORL)"
"Montrell Washington","DC","Montrell Washington (DC)"
"Mose Vavao","ORL","Mose Vavao (ORL)"
"Myles Dorn","DAL","Myles Dorn (DAL)"
"Myles Sims","STL","Myles Sims (STL)"
"Nash Jensen","LOU","Nash Jensen (LOU)"
"Nate Brooks","STL","Nate Brooks (STL)"
"Nate Gilliam","LOU","Nate Gilliam (LOU)"
"Nate Matlack","LOU","Nate Matlack (LOU)"
"Nate McCrary","HOU","Nate McCrary (HOU)"
"Nate Meadors","ORL","Nate Meadors (ORL)"
"Nate Noel","BHM","Nate Noel (BHM)"
"Nehemiah Shelton","CLB","Nehemiah Shelton (CLB)"
"Neil Farrell","STL","Neil Farrell (STL)"
"Nesta Jade Silvera","STL","Nesta Jade Silvera (STL)"
"Nevelle Clarke","STL","Nevelle Clarke (STL)"
"Nick Kubitz","LOU","Nick Kubitz (LOU)"
"Nico Bolden","HOU","Nico Bolden (HOU)"
"N'Kosi Perry","LOU","N'Kosi Perry (LOU)"
"Noah Dawkins","CLB","Noah Dawkins (CLB)"
"Noah Henderson","BHAM","Noah Henderson (BHAM)"
"Noah Johnson","BHAM","Noah Johnson (BHAM)"
"Nolan Henderson","HOU","Nolan Henderson (HOU)"
"O'Donnell Fortune","CLB","O'Donnell Fortune (CLB)"
"Olakunle Fatukasi","BHAM","Olakunle Fatukasi (BHAM)"
"Olive Sagapolu","COL","Olive Sagapolu (COL)"
"Omar Jarvis Jr.","BHM","Omar Jarvis Jr. (BHM)"
"Orlando Storm","ORL","Orlando Storm (ORL)"
"Patrick Jenkins","CLB","Patrick Jenkins (CLB)"
"Paxton Brooks","DC","Paxton Brooks (DC)"
"Payton Bunch","CLB","Payton Bunch (CLB)"
"Peyton Hendershot","DAL","Peyton Hendershot (DAL)"
"Pheldarius Payne","ORL","Pheldarius Payne (ORL)"
"Phillip Webb","BHM","Phillip Webb (BHM)"
"Pita Taumoepenu","STL","Pita Taumoepenu (STL)"
"Preston Wilson","BHM","Preston Wilson (BHM)"
"Quashon Fuller","CLB","Quashon Fuller (CLB)"
"Quinton Newsome","HOU","Quinton Newsome (HOU)"
"Qwynnterrio Cole","ARL","Qwynnterrio Cole (ARL)"
"R.J. Oben","LOU","R.J. Oben (LOU)"
"Rahjai Harris","STL","Rahjai Harris (STL)"
"Raiqwon O'Neal","ARL","Raiqwon O'Neal (ARL)"
"Ra'Mello Dotson","HOU","Ra'Mello Dotson (HOU)"
"Rashard Davis","CLB","Rashard Davis (CLB)"
"Rashard Lawrence","HOU","Rashard Lawrence (HOU)"
"Ravarius Rivers","ORL","Ravarius Rivers (ORL)"
"Raymond Johnson III","STL","Raymond Johnson III (STL)"
"Rayshad Williams","LOU","Rayshad Williams (LOU)"
"Richard Gouraige","STL","Richard Gouraige (STL)"
"Ricky Correia","BHAM","Ricky Correia (BHAM)"
"Roc Taylor","CLB","Roc Taylor (CLB)"
"Roman Parodie","HOU","Roman Parodie (HOU)"
"Ron Stone Jr.","CLB","Ron Stone Jr. (CLB)"
"Ryan Coe","CLB","Ryan Coe (CLB)"
"Ryan Coll","STL","Ryan Coll (STL)"
"Ryan Cooper","BHAM","Ryan Cooper (BHAM)"
"Ryan Langan","BHAM","Ryan Langan (BHAM)"
"Ryan Nelson","CLB","Ryan Nelson (CLB)"
"Ryan Sanborn","STL","Ryan Sanborn (STL)"
"Ryder Anderson","BHM","Ryder Anderson (BHM)"
"Sam Kidd","DC","Sam Kidd (DC)"
"Sam Tecklenburg","ARL","Sam Tecklenburg (ARL)"
"Sam Wiglusz","ORL","Sam Wiglusz (ORL)"
"Samuel Jackson","ORL","Samuel Jackson (ORL)"
"Sean Fresch","STL","Sean Fresch (STL)"
"Seth Green","ARL","Seth Green (ARL)"
"Seth Williams","DC","Seth Williams (DC)"
"Shane Calhoun","STL","Shane Calhoun (STL)"
"Shaquan Loyal","BHAM","Shaquan Loyal (BHAM)"
"Shaun Wade","ARL","Shaun Wade (ARL)"
"Shawn Bowman","ORL","Shawn Bowman (ORL)"
"Shawn Preston Jr.","COL","Shawn Preston Jr. (COL)"
"Shon Stephens","COL","Shon Stephens (COL)"
"Siaki Ika","ARL","Siaki Ika (ARL)"
"Silas Bolden","DAL","Silas Bolden (DAL)"
"Sincere Haynesworth","STL","Sincere Haynesworth (STL)"
"Smoke Monday","COL","Smoke Monday (COL)"
"Snoop Conner","BHAM","Snoop Conner (BHAM)"
"Solomon Deshields","HOU","Solomon Deshields (HOU)"
"Solomon Kindley","DC","Solomon Kindley (DC)"
"Spencer Rolland","STL","Spencer Rolland (STL)"
"Spencer Sanders","DC","Spencer Sanders (DC)"
"St. Louis Battlehawks","STL","St. Louis Battlehawks (STL)"
"Steele Chambers","LOU","Steele Chambers (LOU)"
"Steve Linton","STL","Steve Linton (STL)"
"Steven Gilmore","BHAM","Steven Gilmore (BHAM)"
"Steven Jones Jr.","ARL","Steven Jones Jr. (ARL)"
"Steven Losoya III","DC","Steven Losoya III (DC)"
"Steven McBride","STL","Steven McBride (STL)"
"Steven Stilianos","ORL","Steven Stilianos (ORL)"
"Storey Jackson","CLB","Storey Jackson (CLB)"
"T.J. Carter","BHAM","T.J. Carter (BHAM)"
"T.J. Franklin","ARL","T.J. Franklin (ARL)"
"T.J. Pesefea Jr.","ORL","T.J. Pesefea Jr. (ORL)"
"T.J. Smith","ORL","T.J. Smith (ORL)"
"T.K. McLendon","LOU","T.K. McLendon (LOU)"
"Taco Charlton","ARL","Taco Charlton (ARL)"
"Tae Crowder","BHAM","Tae Crowder (BHAM)"
"Tanner Brown","LOU","Tanner Brown (LOU)"
"Tarik Black","LOU","Tarik Black (LOU)"
"Tariq Carpenter","STL","Tariq Carpenter (STL)"
"Tashawn Bower","ARL","Tashawn Bower (ARL)"
"Taulia Tagovailoa","HOU","Taulia Tagovailoa (HOU)"
"Tavante Beckett","ORL","Tavante Beckett (ORL)"
"Tay Martin","CLB","Tay Martin (CLB)"
"Tayler Hawkins","STL","Tayler Hawkins (STL)"
"Taylor Elgersma","BHAM","Taylor Elgersma (BHAM)"
"Taylor Stallworth","STL","Taylor Stallworth (STL)"
"Tedi Kushi","HOU","Tedi Kushi (HOU)"
"Teldrick Ross","LOU","Teldrick Ross (LOU)"
"Te'Rai Powell","ARL","Te'Rai Powell (ARL)"
"Teton Saltes","ORL","Teton Saltes (ORL)"
"Thayer Thomas","STL","Thayer Thomas (STL)"
"Toa Taua","CLB","Toa Taua (CLB)"
"Tony Fields II","CLB","Tony Fields II (CLB)"
"Tra Fluellen","ARL","Tra Fluellen (ARL)"
"Trae Barry","DC","Trae Barry (DC)"
"Tramel Walthour","DAL","Tramel Walthour (DAL)"
"Travis Bell","LOU","Travis Bell (LOU)"
"Travis Feeney","STL","Travis Feeney (STL)"
"Travis Martin","LOU","Travis Martin (LOU)"
"Tre' McKitty","LOU","Tre' McKitty (LOU)"
"Tre Norwood","BHAM","Tre Norwood (BHAM)"
"Tre Stewart","ORL","Tre Stewart (ORL)"
"Tremayne Anchrum Jr.","ARL","Tremayne Anchrum Jr. (ARL)"
"Tre'Von Jones","CLB","Tre'Von Jones (CLB)"
"Trey Wedig","DC","Trey Wedig (DC)"
"Tucker McCann","STL","Tucker McCann (STL)"
"Ty Scott","DC","Ty Scott (DC)"
"Tykeem Doss","DC","Tykeem Doss (DC)"
"Tyler Davis","BHAM","Tyler Davis (BHAM)"
"Tyler Hudson","LOU","Tyler Hudson (LOU)"
"Tyler Nebelung","STL","Tyler Nebelung (STL)"
"Tyler Neville","STL","Tyler Neville (STL)"
"Tyler Vaughns","ARL","Tyler Vaughns (ARL)"
"Tyreik McAllister","COL","Tyreik McAllister (COL)"
"Tyrese Robinson","BHAM","Tyrese Robinson (BHAM)"
"Tyrion Davis-Price","BHAM","Tyrion Davis-Price (BHAM)"
"Victor Curne","HOU","Victor Curne (HOU)"
"Walter Palmore","CLB","Walter Palmore (CLB)"
"Willie Drew Jr.","DC","Willie Drew Jr. (DC)"
"Willie Taylor III","ARL","Willie Taylor III (ARL)"
"Willie Tyler III","LOU","Willie Tyler III (LOU)"
"Willie Yarbary","ORL","Willie Yarbary (ORL)"
"Wisdom Quarshie","CLB","Wisdom Quarshie (CLB)"
"Xavier Benson","CLB","Xavier Benson (CLB)"
"Xavier Carlton","LOU","Xavier Carlton (LOU)"
"Xazavian Valladay","DC","Xazavian Valladay (DC)"
"Zach Davidson","LOU","Zach Davidson (LOU)"
"Zack Johnson","BHAM","Zack Johnson (BHAM)"
"Zaquandre White","CLB","Zaquandre White (CLB)"
"Zuri Henry","ORL","Zuri Henry (ORL)"
"Zy Alexander","HOU","Zy Alexander (HOU)"
